DROP TABLE IF EXISTS training_event_results
GO
DROP TABLE IF EXISTS training_events
GO
DROP TABLE IF EXISTS athletes_in_boat
GO
DROP TABLE IF EXISTS boats
GO
DROP TABLE IF EXISTS athletes
GO
DROP TABLE IF EXISTS teams
GO
DROP DATABASE IF EXISTS dsb_kocman
GO
CREATE DATABASE dsb_kocman
GO
USE dsb_kocman
GO

CREATE TABLE teams (id INT PRIMARY KEY NOT NULL, name VARCHAR(128) NOT NULL, member_count INT NOT NULL)
GO
CREATE TABLE athletes (id INT PRIMARY KEY NOT NULL, firstname VARCHAR(128) NOT NULL, surname VARCHAR(128) NOT NULL, birth_date DATETIME NOT NULL, team_fk INT CONSTRAINT athletes_teams_id_fk REFERENCES teams)
GO
CREATE TABLE boats (id INT PRIMARY KEY NOT NULL, name VARCHAR(128) NOT NULL, batswoman_fk INT CONSTRAINT boats_athletes_id_fk REFERENCES athletes, seats INT NOT NULL)
GO
CREATE TABLE athletes_in_boat (athlete_fk INT CONSTRAINT athletes_in_boat_athletes_id_fk REFERENCES athletes, boat_fk INT CONSTRAINT athletes_in_boat_boats_id_fk REFERENCES boats)
GO
CREATE TABLE training_events (id INT PRIMARY KEY NOT NULL, starttime DATETIME)
GO
CREATE TABLE training_event_results (id INT PRIMARY KEY NOT NULL, result DECIMAL(5,2) NOT NULL, boat_fk INT CONSTRAINT training_event_results_boats_id_fk REFERENCES boats, training_events_fk INT CONSTRAINT training_event_results_training_events_id_fk REFERENCES training_events)
GO
INSERT INTO teams (id, name, member_count) VALUES 
(1, 'SV Bremen', 1942),
(2, 'RC Engine-Less', 1307),
(3, 'RC Engine-Less 3', 1734),
(4, 'SV Bremen 3', 781),
(5, 'SV Hamburg Nord', 480),
(6, 'RV Kassel Ost 3', 1783),
(7, 'SV Unterhachingen 2', 325),
(8, 'SV Unterhachingen', 1903),
(9, 'RC Oberspree', 805),
(10, 'RV Kassel Ost', 1658)
GO
INSERT INTO athletes (id, firstname, surname, birth_date, team_fk) VALUES 
(1, 'Melloney', 'Hoechheimer', cast(N'2004-07-29' AS DATETIME), 7),
(2, 'Nyssa', 'Wieland', cast(N'1993-02-08' AS DATETIME), 8),
(3, 'Irita', 'Samson', cast(N'2003-01-03' AS DATETIME), 7),
(4, 'Flora', 'Sergius', cast(N'2006-07-28' AS DATETIME), 6),
(5, 'Del', 'Auch', cast(N'2002-12-19' AS DATETIME), 5),
(6, 'Randi', 'Deets', cast(N'1998-05-10' AS DATETIME), 6),
(7, 'Lorenza', 'Zitelmann', cast(N'2007-05-27' AS DATETIME), 4),
(8, 'Letizia', 'Mentzer', cast(N'2005-12-03' AS DATETIME), 5),
(9, 'Deeanne', 'Diedrich', cast(N'1993-04-10' AS DATETIME), 5),
(10, 'Sosanna', 'Froehlichmann', cast(N'1998-06-26' AS DATETIME), 7),
(11, 'Kariotta', 'Pfeiffer', cast(N'1990-11-19' AS DATETIME), 4),
(12, 'Imogene', 'Lakner', cast(N'1992-01-24' AS DATETIME), 8),
(13, 'Fenelia', 'Regal', cast(N'1998-02-01' AS DATETIME), 2),
(14, 'Latrina', 'Marr', cast(N'1992-01-17' AS DATETIME), 7),
(15, 'Kellen', 'Traeger', cast(N'2006-09-10' AS DATETIME), 2),
(16, 'Denny', 'Woitas', cast(N'2006-04-20' AS DATETIME), 4),
(17, 'Emmeline', 'Vaihinger', cast(N'2000-12-01' AS DATETIME), 3),
(18, 'Rosamond', 'Hainisch', cast(N'1992-12-22' AS DATETIME), 8),
(19, 'Barry', 'Spee', cast(N'1994-03-04' AS DATETIME), 6),
(20, 'Elberta', 'Nitschmann', cast(N'2007-04-17' AS DATETIME), 6),
(21, 'Laverna', 'Mayr', cast(N'1997-07-03' AS DATETIME), 1),
(22, 'Kial', 'Wolfe', cast(N'1992-01-15' AS DATETIME), 7),
(23, 'Carine', 'Sergius', cast(N'2002-07-31' AS DATETIME), 7),
(24, 'Kissiah', 'Mueller', cast(N'2004-01-11' AS DATETIME), 8),
(25, 'Muire', 'Reutter', cast(N'1995-01-21' AS DATETIME), 5),
(26, 'Caresa', 'Palme', cast(N'1993-11-02' AS DATETIME), 2),
(27, 'Lynde', 'Wittig', cast(N'1992-07-01' AS DATETIME), 7),
(28, 'Reeta', 'Starker', cast(N'1997-10-05' AS DATETIME), 8),
(29, 'Mariska', 'Meyr', cast(N'2001-07-30' AS DATETIME), 6),
(30, 'Felita', 'Fleischman', cast(N'1991-02-09' AS DATETIME), 7),
(31, 'Monica', 'Brach', cast(N'2007-08-03' AS DATETIME), 5),
(32, 'Mignonne', 'Petry', cast(N'2005-07-18' AS DATETIME), 7),
(33, 'Sean', 'Muenster', cast(N'1994-11-05' AS DATETIME), 3),
(34, 'Goldia', 'List', cast(N'1998-01-24' AS DATETIME), 5),
(35, 'Doti', 'Petry', cast(N'1992-12-20' AS DATETIME), 1),
(36, 'Lelah', 'Aman', cast(N'1997-08-05' AS DATETIME), 2),
(37, 'Diane-Marie', 'Amon', cast(N'2006-06-27' AS DATETIME), 8),
(38, 'Sophia', 'Heck', cast(N'2007-06-10' AS DATETIME), 2),
(39, 'Jackie', 'Brockhoff', cast(N'1996-09-18' AS DATETIME), 1),
(40, 'Lolly', 'Pflucker', cast(N'2003-08-04' AS DATETIME), 5),
(41, 'Dorree', 'Egner', cast(N'2004-10-17' AS DATETIME), 4),
(42, 'Essa', 'Windisch', cast(N'2000-06-02' AS DATETIME), 4),
(43, 'Carleen', 'oettinger', cast(N'2004-10-28' AS DATETIME), 6),
(44, 'Rani', 'Feldt', cast(N'1996-07-16' AS DATETIME), 3),
(45, 'Anni', 'Rhodes', cast(N'1995-07-20' AS DATETIME), 1),
(46, 'Robbie', 'Neuhoff', cast(N'1993-01-26' AS DATETIME), 4),
(47, 'Elaina', 'Loewe', cast(N'1990-07-30' AS DATETIME), 3),
(48, 'Caril', 'Buss', cast(N'2003-01-06' AS DATETIME), 6),
(49, 'Asia', 'Gliem', cast(N'1990-01-06' AS DATETIME), 1),
(50, 'Annice', 'Friedel', cast(N'1997-10-26' AS DATETIME), 5),
(51, 'Kathryn', 'Lehmann', cast(N'2003-06-25' AS DATETIME), 5),
(52, 'Benedicta', 'Wittmann', cast(N'1995-03-26' AS DATETIME), 8),
(53, 'Idaline', 'Glueck', cast(N'1992-05-20' AS DATETIME), 7),
(54, 'Danyette', 'Fein', cast(N'1993-05-29' AS DATETIME), 9),
(55, 'Liane', 'Ottl', cast(N'1995-08-10' AS DATETIME), 3),
(56, 'Fanchon', 'Myers', cast(N'1995-05-29' AS DATETIME), 9),
(57, 'Paulina', 'Foss', cast(N'2007-06-09' AS DATETIME), 2),
(58, 'Aubrey', 'Bauernfeind', cast(N'1994-02-10' AS DATETIME), 3),
(59, 'Carmelle', 'Weisbrod', cast(N'1999-01-27' AS DATETIME), 6),
(60, 'Marjy', 'Schickelgruber', cast(N'1992-04-30' AS DATETIME), 4)
GO
INSERT INTO boats (id, name, batswoman_fk, seats) VALUES 
(1, 'Endeavour 2', 59, 5),
(2, 'Bananenfrachter 2', 55, 5),
(3, 'Ver Boot', 11, 5),
(4, 'Bananenfrachter', 28, 5),
(5, 'Arche Noah', 16, 5),
(6, 'Bin Baden 2', 6, 5),
(7, 'Titanic', 4, 5),
(8, 'Endeavour', 21, 5),
(9, 'H2O Breaker', 23, 5),
(10, 'Arche Noah 2', 1, 5),
(11, 'Discovery', 29, 5),
(12, 'Ilayda ', 35, 5),
(13, 'Pomposa 2', 27, 5),
(14, 'Pomposa', 7, 5),
(15, 'Albatros', 40, 5),
(16, 'Albatros 2', 39, 5),
(17, 'Titanic 2', 24, 5),
(18, 'Kahla', 19, 5),
(19, 'Neyle', 16, 5),
(20, 'Udine', 21, 5)
GO
INSERT INTO athletes_in_boat (athlete_fk, boat_fk) VALUES 
(2, 2),
(2, 12),
(3, 19),
(4, 8),
(5, 7),
(5, 12),
(7, 19),
(8, 1),
(8, 2),
(8, 17),
(9, 8),
(10, 19),
(12, 1),
(12, 4),
(12, 15),
(13, 16),
(14, 5),
(15, 6),
(16, 7),
(18, 6),
(18, 15),
(18, 18),
(19, 1),
(19, 4),
(19, 14),
(20, 10),
(22, 17),
(23, 6),
(23, 17),
(26, 3),
(26, 15),
(26, 17),
(28, 4),
(28, 7),
(28, 12),
(29, 8),
(30, 11),
(31, 5),
(33, 6),
(34, 12),
(35, 3),
(35, 8),
(36, 2),
(36, 11),
(36, 14),
(36, 16),
(37, 15),
(38, 7),
(39, 18),
(40, 8),
(40, 9),
(41, 1),
(41, 13),
(42, 13),
(44, 3),
(45, 5),
(45, 9),
(45, 17),
(47, 5),
(47, 7),
(47, 18),
(48, 14),
(49, 3),
(49, 9),
(49, 10),
(50, 13),
(51, 14),
(51, 16),
(51, 19),
(52, 11),
(52, 14),
(52, 16),
(54, 10),
(54, 16),
(55, 10),
(55, 11),
(55, 19),
(56, 18),
(57, 9),
(58, 1),
(58, 2),
(58, 3),
(59, 4)
GO
INSERT INTO training_events (id, starttime) VALUES 
(1, cast(N'2023-06-13 23:27:20' AS DATETIME)),
(2, cast(N'2023-06-03 11:00:34' AS DATETIME)),
(3, cast(N'2023-06-06 08:18:31' AS DATETIME)),
(4, cast(N'2023-06-15 01:28:19' AS DATETIME)),
(5, cast(N'2023-06-07 20:16:40' AS DATETIME)),
(6, cast(N'2023-06-12 17:56:03' AS DATETIME)),
(7, cast(N'2023-06-01 09:07:18' AS DATETIME)),
(8, cast(N'2023-06-11 10:50:10' AS DATETIME)),
(9, cast(N'2023-06-09 23:36:17' AS DATETIME)),
(10, cast(N'2023-06-15 02:30:33' AS DATETIME)),
(11, cast(N'2023-06-13 06:05:40' AS DATETIME)),
(12, cast(N'2023-06-08 19:44:59' AS DATETIME)),
(13, cast(N'2023-06-09 15:47:16' AS DATETIME)),
(14, cast(N'2023-06-03 13:29:22' AS DATETIME)),
(15, cast(N'2023-06-01 18:33:02' AS DATETIME)),
(16, cast(N'2023-06-15 22:57:52' AS DATETIME)),
(17, cast(N'2023-06-02 05:33:02' AS DATETIME)),
(18, cast(N'2023-06-04 09:55:21' AS DATETIME)),
(19, cast(N'2023-06-14 17:28:42' AS DATETIME)),
(20, cast(N'2023-06-06 14:12:23' AS DATETIME)),
(21, cast(N'2023-06-03 10:20:12' AS DATETIME)),
(22, cast(N'2023-06-07 08:51:42' AS DATETIME)),
(23, cast(N'2023-06-15 13:30:09' AS DATETIME)),
(24, cast(N'2023-06-11 21:41:23' AS DATETIME)),
(25, cast(N'2023-06-08 21:17:59' AS DATETIME)),
(26, cast(N'2023-06-14 03:30:02' AS DATETIME)),
(27, cast(N'2023-06-14 18:21:37' AS DATETIME)),
(28, cast(N'2023-06-04 03:21:38' AS DATETIME)),
(29, cast(N'2023-06-14 14:14:23' AS DATETIME)),
(30, cast(N'2023-06-03 01:38:00' AS DATETIME)),
(31, cast(N'2023-06-15 13:45:26' AS DATETIME)),
(32, cast(N'2023-06-13 14:37:57' AS DATETIME)),
(33, cast(N'2023-06-06 04:32:53' AS DATETIME)),
(34, cast(N'2023-06-14 21:25:00' AS DATETIME)),
(35, cast(N'2023-06-05 14:31:04' AS DATETIME)),
(36, cast(N'2023-06-06 23:56:48' AS DATETIME)),
(37, cast(N'2023-06-09 06:21:28' AS DATETIME)),
(38, cast(N'2023-06-11 11:06:58' AS DATETIME)),
(39, cast(N'2023-06-01 04:07:02' AS DATETIME)),
(40, cast(N'2023-06-02 09:56:45' AS DATETIME)),
(41, cast(N'2023-06-04 21:02:35' AS DATETIME)),
(42, cast(N'2023-06-02 07:24:46' AS DATETIME)),
(43, cast(N'2023-06-05 13:17:34' AS DATETIME)),
(44, cast(N'2023-06-05 23:10:47' AS DATETIME)),
(45, cast(N'2023-06-10 01:21:55' AS DATETIME)),
(46, cast(N'2023-06-03 21:52:07' AS DATETIME)),
(47, cast(N'2023-06-13 08:03:42' AS DATETIME)),
(48, cast(N'2023-06-01 23:29:01' AS DATETIME)),
(49, cast(N'2023-06-11 20:42:29' AS DATETIME)),
(50, cast(N'2023-06-07 05:56:56' AS DATETIME)),
(51, cast(N'2023-06-06 05:46:46' AS DATETIME)),
(52, cast(N'2023-06-01 10:21:39' AS DATETIME)),
(53, cast(N'2023-06-10 14:11:45' AS DATETIME)),
(54, cast(N'2023-06-08 04:21:21' AS DATETIME)),
(55, cast(N'2023-06-06 18:34:18' AS DATETIME)),
(56, cast(N'2023-06-13 15:05:51' AS DATETIME)),
(57, cast(N'2023-06-13 10:17:49' AS DATETIME)),
(58, cast(N'2023-06-05 23:56:17' AS DATETIME)),
(59, cast(N'2023-06-06 22:48:33' AS DATETIME)),
(60, cast(N'2023-06-15 16:24:34' AS DATETIME)),
(61, cast(N'2023-06-01 01:32:37' AS DATETIME)),
(62, cast(N'2023-06-12 20:00:21' AS DATETIME)),
(63, cast(N'2023-06-09 15:12:47' AS DATETIME)),
(64, cast(N'2023-06-10 19:57:33' AS DATETIME)),
(65, cast(N'2023-06-03 04:20:42' AS DATETIME)),
(66, cast(N'2023-06-08 19:33:10' AS DATETIME)),
(67, cast(N'2023-06-02 08:25:11' AS DATETIME)),
(68, cast(N'2023-06-11 12:08:22' AS DATETIME)),
(69, cast(N'2023-06-02 03:14:20' AS DATETIME)),
(70, cast(N'2023-06-06 10:58:28' AS DATETIME)),
(71, cast(N'2023-06-06 23:37:29' AS DATETIME)),
(72, cast(N'2023-06-06 23:16:50' AS DATETIME)),
(73, cast(N'2023-06-10 01:49:11' AS DATETIME)),
(74, cast(N'2023-06-11 10:40:59' AS DATETIME)),
(75, cast(N'2023-06-13 11:18:59' AS DATETIME)),
(76, cast(N'2023-06-12 13:22:28' AS DATETIME)),
(77, cast(N'2023-06-09 05:44:52' AS DATETIME)),
(78, cast(N'2023-06-09 22:13:28' AS DATETIME)),
(79, cast(N'2023-06-14 14:17:18' AS DATETIME)),
(80, cast(N'2023-06-06 03:12:42' AS DATETIME)),
(81, cast(N'2023-06-11 23:17:31' AS DATETIME)),
(82, cast(N'2023-06-02 13:53:57' AS DATETIME)),
(83, cast(N'2023-06-06 18:15:44' AS DATETIME)),
(84, cast(N'2023-06-05 10:56:42' AS DATETIME)),
(85, cast(N'2023-06-10 23:22:16' AS DATETIME)),
(86, cast(N'2023-06-04 07:58:52' AS DATETIME)),
(87, cast(N'2023-06-15 09:44:10' AS DATETIME)),
(88, cast(N'2023-06-03 03:06:05' AS DATETIME)),
(89, cast(N'2023-06-01 11:39:51' AS DATETIME)),
(90, cast(N'2023-06-12 18:39:35' AS DATETIME)),
(91, cast(N'2023-06-11 05:10:50' AS DATETIME)),
(92, cast(N'2023-06-14 06:49:25' AS DATETIME)),
(93, cast(N'2023-06-06 09:11:03' AS DATETIME)),
(94, cast(N'2023-06-01 08:15:16' AS DATETIME)),
(95, cast(N'2023-06-07 22:26:13' AS DATETIME)),
(96, cast(N'2023-06-04 12:07:33' AS DATETIME)),
(97, cast(N'2023-06-07 00:34:04' AS DATETIME)),
(98, cast(N'2023-06-03 12:35:13' AS DATETIME)),
(99, cast(N'2023-06-07 12:43:27' AS DATETIME)),
(100, cast(N'2023-06-10 20:34:05' AS DATETIME))
GO
INSERT INTO training_event_results (id, result, boat_fk, training_events_fk) VALUES 
(1, 43.311, 18, 33),
(2, 51.974, 11, 21),
(3, 51.884, 6, 45),
(4, 45.962, 7, 83),
(5, 50.374, 14, 25),
(6, 47.614, 5, 45),
(7, 40.662, 11, 11),
(8, 43.142, 2, 36),
(9, 44.006, 5, 12),
(10, 40.526, 6, 20),
(11, 43.836, 6, 63),
(12, 40.196, 6, 11),
(13, 59.388, 14, 21),
(14, 41.662, 4, 14),
(15, 49.107, 16, 41),
(16, 49.719, 7, 43),
(17, 44.214, 7, 33),
(18, 49.93, 11, 54),
(19, 50.742, 1, 99),
(20, 46.623, 4, 1),
(21, 54.033, 14, 39),
(22, 51.499, 4, 16),
(23, 56.874, 9, 23),
(24, 45.796, 18, 87),
(25, 52.747, 16, 24),
(26, 45.203, 3, 55),
(27, 54.27, 14, 73),
(28, 56.248, 11, 60),
(29, 43.875, 12, 73),
(30, 58.021, 7, 91),
(31, 48.706, 4, 28),
(32, 43.927, 15, 35),
(33, 42.964, 9, 87),
(34, 46.142, 9, 76),
(35, 42.399, 11, 4),
(36, 57.396, 11, 38),
(37, 55.272, 15, 31),
(38, 46.291, 9, 7),
(39, 43.357, 1, 18),
(40, 50.563, 4, 27),
(41, 42.15, 10, 8),
(42, 58.046, 4, 61),
(43, 56.653, 18, 58),
(44, 45.917, 19, 50),
(45, 50.868, 2, 13),
(46, 43.372, 7, 31),
(47, 56.286, 3, 57),
(48, 54.128, 5, 19),
(49, 49.663, 4, 30),
(50, 59.638, 13, 41),
(51, 42.616, 8, 56),
(52, 52.708, 10, 14),
(53, 51.288, 9, 60),
(54, 52.35, 15, 76),
(55, 51.572, 9, 89),
(56, 46.489, 8, 21),
(57, 42.655, 19, 71),
(58, 44.358, 13, 88),
(59, 49.528, 9, 33),
(60, 44.432, 18, 5),
(61, 44.703, 6, 89),
(62, 49.133, 5, 82),
(63, 49.674, 17, 35),
(64, 41.882, 9, 68),
(65, 46.261, 4, 37),
(66, 53.436, 14, 76),
(67, 46.278, 8, 21),
(68, 42.031, 2, 76),
(69, 50.656, 9, 13),
(70, 41.163, 9, 97),
(71, 54.684, 2, 97),
(72, 57.974, 5, 60),
(73, 41.526, 14, 2),
(74, 54.498, 15, 96),
(75, 43.919, 1, 7),
(76, 47.65, 4, 74),
(77, 56.671, 3, 77),
(78, 44.068, 13, 86),
(79, 43.32, 13, 56),
(80, 42.927, 4, 99),
(81, 44.966, 13, 59),
(82, 40.276, 8, 40),
(83, 46.1, 12, 3),
(84, 59.983, 6, 64),
(85, 49.832, 4, 5),
(86, 46.413, 2, 93),
(87, 51.548, 10, 88),
(88, 40.182, 11, 74),
(89, 44.802, 8, 82),
(90, 51.351, 6, 55),
(91, 42.028, 2, 65),
(92, 43.522, 14, 65),
(93, 42.12, 12, 92),
(94, 41.079, 19, 80),
(95, 42.635, 16, 59),
(96, 48.345, 15, 60),
(97, 40.735, 8, 26),
(98, 57.316, 14, 98),
(99, 57.058, 15, 6),
(100, 51.376, 15, 51),
(101, 58.387, 8, 99),
(102, 56.205, 5, 53),
(103, 41.618, 6, 36),
(104, 40.261, 9, 61),
(105, 56.401, 12, 73),
(106, 51.573, 6, 53),
(107, 57.163, 10, 65),
(108, 51.18, 13, 50),
(109, 56.583, 13, 62),
(110, 51.837, 9, 91),
(111, 47.016, 7, 27),
(112, 58.917, 6, 78),
(113, 43.728, 4, 96),
(114, 43.696, 9, 37),
(115, 56.508, 6, 3),
(116, 59.861, 17, 91),
(117, 49.142, 14, 35),
(118, 56.951, 11, 92),
(119, 42.643, 10, 77),
(120, 55.021, 6, 50),
(121, 40.698, 14, 54),
(122, 40.559, 8, 25),
(123, 53.028, 1, 21),
(124, 49.649, 12, 88),
(125, 54.625, 5, 75),
(126, 52.439, 2, 8),
(127, 54.641, 16, 5),
(128, 46.904, 3, 70),
(129, 56.287, 8, 52),
(130, 59.25, 2, 40),
(131, 43.088, 12, 81),
(132, 58.909, 3, 1),
(133, 47.451, 6, 17),
(134, 53.274, 3, 94),
(135, 46.848, 15, 38),
(136, 59.101, 1, 57),
(137, 44.568, 14, 90),
(138, 53.929, 8, 77),
(139, 43.915, 8, 1),
(140, 47.421, 18, 1),
(141, 43.152, 7, 71),
(142, 40.497, 17, 81),
(143, 58.083, 6, 25),
(144, 57.46, 17, 51),
(145, 54.886, 4, 59),
(146, 59.749, 16, 97),
(147, 47.68, 2, 28),
(148, 50.297, 2, 95),
(149, 40.991, 19, 85),
(150, 50.427, 18, 88),
(151, 41.948, 14, 68),
(152, 57.246, 7, 7),
(153, 56.427, 2, 60),
(154, 55.33, 10, 24),
(155, 58.9, 19, 12),
(156, 47.839, 3, 98),
(157, 44.24, 8, 50),
(158, 44.226, 13, 38),
(159, 44.324, 14, 43),
(160, 40.265, 1, 14),
(161, 41.718, 19, 48),
(162, 44.71, 3, 96),
(163, 51.971, 12, 55),
(165, 56.85, 4, 48),
(166, 49.252, 19, 38),
(167, 44.469, 8, 49),
(168, 51.577, 10, 1),
(169, 57.832, 10, 31),
(170, 52.196, 19, 8),
(171, 51.828, 17, 51),
(172, 55.003, 4, 25),
(173, 56.021, 13, 98),
(174, 59.646, 11, 77),
(175, 56.63, 8, 85),
(176, 47.751, 13, 5),
(177, 42.612, 7, 24),
(178, 47.522, 7, 24),
(179, 58.398, 19, 37),
(180, 50.186, 14, 18),
(181, 58.538, 16, 3),
(182, 40.545, 3, 17),
(183, 52.669, 8, 27),
(184, 51.853, 1, 59),
(185, 50.852, 12, 95),
(186, 51.786, 7, 12),
(187, 50.426, 7, 47),
(188, 46.005, 18, 69),
(189, 54.203, 11, 18),
(190, 53.109, 11, 80),
(191, 41.088, 5, 57),
(192, 41.107, 7, 14),
(193, 46.943, 15, 48),
(194, 48.759, 17, 10),
(195, 57.281, 10, 42),
(197, 42.856, 15, 78),
(198, 52.164, 11, 9),
(199, 50.072, 16, 72),
(200, 52.047, 12, 94),
(201, 56.691, 9, 88),
(202, 46.132, 8, 27),
(203, 43.087, 6, 11),
(204, 52.405, 12, 11),
(205, 58.579, 4, 37),
(206, 49.653, 16, 31),
(207, 43.343, 15, 80),
(208, 43.489, 5, 80),
(209, 54.119, 3, 11),
(210, 45.101, 11, 4),
(211, 56.882, 17, 84),
(212, 52.484, 19, 43),
(213, 52.99, 16, 14),
(214, 51.554, 10, 42),
(215, 45.614, 15, 69),
(216, 57.932, 3, 90),
(218, 40.606, 13, 45),
(219, 46.459, 9, 55),
(220, 58.518, 8, 34),
(221, 42.294, 12, 74),
(222, 45.197, 18, 27),
(223, 52.812, 10, 6),
(224, 54.562, 19, 97),
(225, 43.23, 6, 85),
(226, 58.125, 11, 28),
(227, 51.298, 3, 97),
(228, 41.702, 3, 93),
(229, 46.072, 18, 68),
(230, 57.835, 13, 6),
(231, 57.83, 5, 80),
(232, 50.353, 16, 26),
(233, 42.536, 19, 90),
(234, 58.754, 11, 67),
(236, 54.502, 12, 54),
(238, 54.572, 8, 44),
(239, 43.821, 18, 23),
(240, 54.045, 18, 29),
(241, 47.049, 2, 55),
(242, 46.984, 8, 79),
(243, 55.167, 12, 77),
(244, 48.204, 13, 35),
(245, 51.334, 13, 30),
(246, 54.552, 18, 46),
(247, 52.826, 13, 4),
(248, 41.324, 15, 57),
(249, 57.132, 1, 48),
(250, 51.186, 17, 22),
(252, 56.577, 2, 36),
(253, 44.994, 10, 48),
(254, 51.138, 3, 9),
(255, 45.129, 17, 30),
(256, 48.105, 11, 95),
(257, 40.895, 13, 28),
(258, 49.425, 4, 10),
(259, 51.18, 9, 67),
(260, 44.926, 10, 53),
(261, 49.281, 4, 96),
(262, 40.024, 7, 44),
(263, 51.979, 15, 19),
(264, 43.96, 17, 99),
(265, 52.24, 2, 54),
(266, 41.27, 5, 2),
(267, 46.96, 8, 22),
(268, 53.452, 3, 64),
(269, 52.073, 19, 59),
(270, 51.308, 19, 93),
(271, 48.926, 19, 24),
(273, 47.736, 11, 3),
(274, 57.012, 10, 92),
(275, 45.7, 18, 8),
(276, 49.158, 10, 91),
(277, 40.744, 7, 50),
(278, 45.577, 9, 33),
(279, 43.67, 4, 25),
(280, 42.883, 15, 57),
(281, 59.61, 3, 41),
(283, 49.801, 15, 83),
(284, 54.115, 1, 90),
(285, 40.54, 8, 29),
(288, 43.171, 7, 70),
(289, 57.426, 14, 15),
(290, 50.919, 11, 35),
(291, 55.287, 11, 99),
(292, 50.267, 4, 83),
(293, 59.429, 8, 84),
(294, 55.053, 5, 92),
(296, 44.348, 17, 95),
(297, 42.565, 2, 84),
(298, 47.718, 1, 92),
(300, 46.929, 6, 76),
(301, 45.423, 2, 2),
(302, 40.109, 8, 41),
(303, 46.61, 5, 29),
(305, 40.649, 18, 45),
(307, 50.64, 17, 20),
(310, 41.489, 17, 81),
(312, 49.6, 12, 90),
(313, 51.837, 7, 37),
(314, 59.27, 1, 85),
(315, 54.506, 19, 67),
(317, 40.0, 5, 78),
(319, 48.741, 6, 10),
(320, 57.568, 18, 64),
(321, 56.106, 7, 2),
(322, 55.763, 15, 58),
(323, 51.531, 1, 41),
(324, 53.503, 8, 15),
(325, 59.43, 18, 33),
(326, 45.04, 3, 94),
(327, 48.858, 9, 52),
(328, 52.024, 16, 9),
(335, 56.126, 4, 44),
(336, 41.195, 4, 78),
(338, 49.874, 17, 78),
(339, 43.223, 12, 64),
(340, 41.409, 9, 12),
(341, 57.104, 17, 9),
(342, 58.562, 11, 52),
(343, 56.072, 1, 2),
(344, 44.666, 13, 12),
(348, 53.761, 3, 44),
(349, 44.483, 18, 32),
(350, 50.062, 3, 51),
(351, 51.449, 8, 31),
(352, 49.178, 16, 75),
(353, 40.115, 9, 85),
(354, 44.237, 4, 73),
(355, 40.158, 18, 49),
(356, 45.254, 12, 75),
(357, 46.262, 7, 67),
(358, 40.919, 4, 32),
(359, 50.999, 11, 4),
(360, 47.568, 5, 65),
(361, 45.584, 6, 82),
(362, 42.988, 15, 71),
(363, 40.453, 17, 73),
(364, 51.769, 3, 84),
(365, 53.135, 12, 93),
(367, 55.526, 10, 98),
(368, 51.36, 5, 81),
(372, 43.288, 12, 30),
(374, 49.804, 9, 9),
(375, 54.516, 12, 72),
(377, 41.254, 4, 7),
(378, 47.289, 8, 32),
(379, 44.453, 19, 66),
(381, 55.764, 3, 6),
(383, 53.988, 12, 3),
(384, 57.411, 1, 83),
(385, 56.305, 12, 45),
(387, 55.257, 16, 28),
(389, 46.362, 18, 72),
(390, 50.777, 13, 63),
(392, 42.057, 14, 4),
(394, 59.061, 10, 96),
(396, 49.77, 4, 32),
(399, 50.086, 7, 94),
(400, 51.662, 2, 72),
(402, 54.331, 15, 8),
(403, 57.934, 10, 22),
(404, 50.208, 12, 17),
(405, 57.115, 5, 6),
(407, 46.714, 10, 15),
(412, 52.418, 8, 43),
(413, 40.327, 5, 51),
(416, 48.588, 5, 20),
(417, 53.105, 7, 56),
(419, 43.436, 19, 34),
(421, 52.363, 6, 87),
(422, 53.562, 18, 47),
(423, 50.614, 17, 91),
(425, 59.478, 8, 62),
(426, 51.189, 19, 89),
(428, 54.911, 3, 66),
(429, 48.403, 8, 81),
(430, 41.051, 3, 74),
(433, 47.279, 6, 46),
(436, 55.464, 14, 53),
(437, 46.791, 10, 74),
(438, 52.789, 12, 52),
(441, 59.489, 18, 75),
(442, 53.437, 2, 52),
(443, 46.79, 5, 43),
(444, 46.887, 4, 84),
(452, 42.959, 8, 64),
(453, 55.05, 17, 34),
(454, 52.863, 19, 10),
(456, 57.743, 9, 47),
(460, 46.506, 13, 94),
(461, 46.501, 11, 42),
(462, 47.036, 13, 79),
(467, 44.782, 13, 54),
(469, 48.251, 15, 40),
(471, 58.95, 3, 17),
(472, 41.5, 10, 67),
(473, 43.904, 15, 10),
(474, 53.813, 1, 38),
(475, 57.151, 8, 68),
(476, 56.929, 10, 20),
(478, 47.58, 19, 89),
(479, 40.839, 3, 65),
(480, 45.376, 10, 87),
(484, 59.894, 16, 29),
(487, 50.275, 4, 42),
(488, 46.19, 6, 34),
(489, 59.174, 10, 42),
(491, 41.184, 10, 30),
(492, 41.519, 8, 87),
(494, 59.759, 9, 98),
(499, 49.675, 1, 32),
(500, 48.241, 9, 5),
(502, 45.364, 3, 70),
(504, 50.743, 7, 34),
(505, 43.713, 16, 49),
(506, 49.084, 16, 47),
(507, 53.282, 10, 16),
(509, 53.068, 9, 66),
(513, 54.376, 12, 68),
(515, 59.073, 14, 29),
(516, 42.619, 9, 36),
(518, 43.275, 6, 86),
(522, 42.503, 13, 15),
(525, 43.001, 3, 44),
(526, 53.385, 15, 82),
(527, 55.102, 10, 13),
(529, 41.199, 12, 62),
(531, 42.477, 3, 20),
(532, 45.454, 1, 62),
(534, 49.734, 18, 72),
(539, 54.887, 16, 7),
(541, 45.866, 10, 22),
(542, 46.106, 13, 13),
(544, 44.188, 13, 49),
(546, 42.786, 8, 63),
(556, 54.48, 18, 83),
(563, 41.11, 17, 58),
(565, 58.419, 2, 61),
(573, 56.723, 17, 93),
(575, 41.262, 16, 39),
(578, 53.266, 18, 47),
(582, 48.563, 7, 86),
(583, 56.592, 17, 62),
(590, 48.242, 7, 75),
(591, 54.0, 2, 79),
(592, 46.041, 1, 49),
(594, 53.276, 8, 16),
(597, 42.544, 9, 16),
(600, 55.77, 17, 58),
(601, 50.338, 11, 58),
(609, 54.636, 4, 79),
(610, 42.248, 11, 86),
(613, 49.086, 16, 39),
(617, 40.047, 11, 22),
(621, 54.512, 16, 39),
(623, 48.536, 9, 40),
(627, 43.209, 10, 63),
(634, 46.091, 16, 17),
(636, 58.985, 5, 61),
(639, 54.669, 10, 71),
(642, 52.693, 12, 18),
(650, 47.174, 16, 71),
(651, 58.417, 3, 53),
(655, 52.086, 6, 82),
(657, 43.64, 10, 66),
(664, 44.355, 6, 18),
(666, 47.504, 11, 56),
(667, 44.116, 4, 19),
(668, 54.921, 3, 13),
(672, 52.755, 1, 63),
(681, 47.983, 2, 40),
(685, 45.055, 1, 66),
(686, 49.481, 16, 56),
(687, 46.66, 4, 61),
(698, 46.879, 19, 16),
(711, 44.645, 17, 19),
(714, 56.687, 4, 26),
(716, 47.746, 7, 39),
(721, 51.031, 11, 89),
(730, 49.98, 2, 69),
(731, 51.375, 11, 79),
(736, 53.428, 10, 23),
(740, 49.529, 18, 46),
(754, 50.186, 5, 95),
(776, 50.6, 11, 36),
(795, 55.893, 10, 26),
(796, 57.808, 11, 69),
(804, 53.162, 10, 46),
(806, 53.382, 3, 19),
(815, 57.301, 2, 26),
(817, 48.906, 7, 70),
(826, 43.748, 17, 69),
(842, 43.015, 6, 46),
(843, 42.292, 16, 23),
(883, 49.539, 7, 86),
(890, 45.227, 10, 70),
(935, 59.429, 3, 23),
(983, 58.191, 16, 15)
GO