DROP TABLE IF EXISTS training_event_results
GO
DROP TABLE IF EXISTS training_events
GO
DROP TABLE IF EXISTS athletes_in_boat
GO
DROP TABLE IF EXISTS boats
GO
DROP TABLE IF EXISTS athletes
GO
DROP TABLE IF EXISTS teams
GO
DROP DATABASE IF EXISTS dsb_kocman
GO
CREATE DATABASE dsb_kocman
GO
USE dsb_kocman
GO

CREATE TABLE teams (id INT PRIMARY KEY NOT NULL, name VARCHAR(128) NOT NULL, member_count INT NOT NULL)
GO
CREATE TABLE athletes (id INT PRIMARY KEY NOT NULL, firstname VARCHAR(128) NOT NULL, surname VARCHAR(128) NOT NULL, birth_date DATETIME NOT NULL, team_fk INT CONSTRAINT athletes_teams_id_fk REFERENCES teams)
GO
CREATE TABLE boats (id INT PRIMARY KEY NOT NULL, name VARCHAR(128) NOT NULL, batswoman_fk INT CONSTRAINT boats_athletes_id_fk REFERENCES athletes, seats INT NOT NULL)
GO
CREATE TABLE athletes_in_boat (athlete_fk INT CONSTRAINT athletes_in_boat_athletes_id_fk REFERENCES athletes, boat_fk INT CONSTRAINT athletes_in_boat_boats_id_fk REFERENCES boats)
GO
CREATE TABLE training_events (id INT PRIMARY KEY NOT NULL, starttime DATETIME)
GO
CREATE TABLE training_event_results (id INT PRIMARY KEY NOT NULL, result DECIMAL(5,2) NOT NULL, boat_fk INT CONSTRAINT training_event_results_boats_id_fk REFERENCES boats, training_events_fk INT CONSTRAINT training_event_results_training_events_id_fk REFERENCES training_events)
GO
INSERT INTO teams (id, name, member_count) VALUES 
(1, 'SV Red Bull Bonn 2', 988),
(2, 'SV Hamburg Nord 3', 1866),
(3, 'SV Hamburg Nord', 1362),
(4, 'RV Kassel Ost', 1157),
(5, 'RC Tiefsee', 1632),
(6, 'SV Abgesoffen', 1390),
(7, 'RV Borkum 2', 355),
(8, 'RC Tiefsee 2', 714),
(9, 'RC Engine-Less 3', 536),
(10, 'RC Oberspree 3', 1793)
GO
INSERT INTO athletes (id, firstname, surname, birth_date, team_fk) VALUES 
(1, 'Arline', 'Brockhouse', cast(N'1995-11-10' AS DATETIME), 9),
(2, 'Alidia', 'Helvig', cast(N'1991-04-10' AS DATETIME), 5),
(3, 'Felice', 'Ackermann', cast(N'2000-09-30' AS DATETIME), 9),
(4, 'Shaylah', 'person', cast(N'1994-01-13' AS DATETIME), 5),
(5, 'Janith', 'Neuhoff', cast(N'1994-12-03' AS DATETIME), 5),
(6, 'Evangeline', 'Nadelman', cast(N'1995-06-08' AS DATETIME), 4),
(7, 'Kettie', 'Hauff', cast(N'2003-10-17' AS DATETIME), 7),
(8, 'Lola', 'Brinckmann', cast(N'1993-05-07' AS DATETIME), 3),
(9, 'Elayne', 'Frey', cast(N'1998-08-26' AS DATETIME), 4),
(10, 'Corie', 'Ulmer', cast(N'1995-08-19' AS DATETIME), 1),
(11, 'Jeralee', 'Sultzer', cast(N'2001-08-30' AS DATETIME), 7),
(12, 'Nadean', 'Hirt', cast(N'1994-05-25' AS DATETIME), 8),
(13, 'Gale', 'Wilcken', cast(N'1998-04-01' AS DATETIME), 3),
(14, 'Melamie', 'Oelsner', cast(N'1997-02-10' AS DATETIME), 4),
(15, 'Robena', 'Tamm', cast(N'1998-07-14' AS DATETIME), 2),
(16, 'Sydney', 'Graetz', cast(N'1997-04-02' AS DATETIME), 6),
(17, 'Rafaelita', 'Rosenquist', cast(N'2004-07-03' AS DATETIME), 1),
(18, 'Analise', 'Eisenman', cast(N'1998-02-26' AS DATETIME), 5),
(19, 'Karyl', 'Eschenbach', cast(N'1999-07-15' AS DATETIME), 5),
(20, 'Vera', 'Finkle', cast(N'2000-04-20' AS DATETIME), 6),
(21, 'Paulita', 'Naumann', cast(N'2004-07-15' AS DATETIME), 7),
(22, 'Inga', 'Spitzer', cast(N'1992-07-13' AS DATETIME), 2),
(23, 'Sella', 'Otto', cast(N'2006-08-18' AS DATETIME), 8),
(24, 'Gertrude', 'Kirst', cast(N'1996-03-01' AS DATETIME), 5),
(25, 'Gabriela', 'Hiss', cast(N'2006-05-25' AS DATETIME), 1),
(26, 'Gizela', 'Metzelder', cast(N'2001-05-12' AS DATETIME), 7),
(27, 'Leonanie', 'Apfel', cast(N'1995-08-08' AS DATETIME), 9),
(28, 'Cinnamon', 'Marx', cast(N'1998-12-18' AS DATETIME), 2),
(29, 'Twyla', 'Solinger', cast(N'1998-05-19' AS DATETIME), 7),
(30, 'Daniella', 'Nicolai', cast(N'1993-11-16' AS DATETIME), 3),
(31, 'Sasha', 'Langbein', cast(N'2004-10-07' AS DATETIME), 8),
(32, 'Tobi', 'Jordan', cast(N'2000-12-15' AS DATETIME), 8),
(33, 'Drusie', 'Feynmann', cast(N'1998-05-25' AS DATETIME), 8),
(34, 'Cristionna', 'Bayer', cast(N'2002-10-18' AS DATETIME), 8),
(35, 'Kiersten', 'Kuper', cast(N'1994-05-04' AS DATETIME), 1),
(36, 'Othella', 'Riehel', cast(N'1996-05-18' AS DATETIME), 1),
(37, 'Maggee', 'Wurm', cast(N'1997-04-01' AS DATETIME), 7),
(38, 'Mirelle', 'Meyers', cast(N'2005-09-10' AS DATETIME), 5),
(39, 'Clarie', 'Cooperman', cast(N'1994-06-20' AS DATETIME), 6),
(40, 'Walliw', 'Schenk', cast(N'1990-03-13' AS DATETIME), 1),
(41, 'Hermina', 'Mahlau', cast(N'2006-06-15' AS DATETIME), 6),
(42, 'Gwenora', 'Glueck', cast(N'2003-03-20' AS DATETIME), 1),
(43, 'Kara', 'Brinck', cast(N'1999-12-01' AS DATETIME), 6),
(44, 'Philippine', 'Drexler', cast(N'2007-08-12' AS DATETIME), 7),
(45, 'Jacklyn', 'Rothman', cast(N'2002-06-12' AS DATETIME), 7),
(46, 'Mehetabel', 'Eckart', cast(N'1997-08-07' AS DATETIME), 7),
(47, 'Cariotta', 'Riehl', cast(N'2001-07-28' AS DATETIME), 9),
(48, 'Larina', 'Becke', cast(N'1998-11-19' AS DATETIME), 2),
(49, 'Jeni', 'Scherer', cast(N'1993-05-22' AS DATETIME), 8),
(50, 'Louella', 'Zenn', cast(N'1996-06-06' AS DATETIME), 5),
(51, 'Bertine', 'Hettinger', cast(N'1999-01-15' AS DATETIME), 8),
(52, 'Clarisse', 'Rosenwald', cast(N'2004-07-20' AS DATETIME), 2),
(53, 'Maye', 'Hollstein', cast(N'2003-06-13' AS DATETIME), 9),
(54, 'Clarissa', 'Schulthess', cast(N'2000-05-27' AS DATETIME), 6),
(55, 'Adiana', 'Schnurrer', cast(N'2002-10-07' AS DATETIME), 4),
(56, 'Robinett', 'Seidel', cast(N'1992-08-26' AS DATETIME), 9),
(57, 'Jeanine', 'Schatz', cast(N'1996-12-04' AS DATETIME), 8),
(58, 'Sandie', 'Aman', cast(N'1997-09-21' AS DATETIME), 3),
(59, 'Alysa', 'Voss', cast(N'2002-06-18' AS DATETIME), 4),
(60, 'Alayne', 'Gartner', cast(N'2005-12-12' AS DATETIME), 4)
GO
INSERT INTO boats (id, name, batswoman_fk, seats) VALUES 
(1, 'Titanic 2', 59, 5),
(2, 'Discovery 2', 34, 5),
(3, 'Titanic', 35, 5),
(4, 'H2O Breaker 2', 37, 5),
(5, 'Albatros', 28, 5),
(6, 'Arche Noah', 43, 5),
(7, 'Endeavour', 40, 5),
(8, 'Waterloo', 4, 5),
(9, 'Bananenfrachter', 5, 5),
(10, 'H2O Breaker', 41, 5),
(11, 'Juan 2', 38, 5),
(12, 'Kahla 2', 33, 5),
(13, 'Ver Boot 2', 22, 5),
(14, 'Arche Noah 2', 52, 5),
(15, 'Udine', 48, 5),
(16, 'Ilayda ', 50, 5),
(17, 'Bin Baden 2', 51, 5),
(18, 'Bananenfrachter 2', 34, 5),
(19, 'Ver Boot', 25, 5),
(20, 'Neyle', 43, 5)
GO
INSERT INTO athletes_in_boat (athlete_fk, boat_fk) VALUES 
(1, 11),
(2, 4),
(5, 6),
(5, 7),
(8, 10),
(8, 16),
(8, 17),
(9, 3),
(9, 16),
(10, 17),
(10, 19),
(11, 18),
(11, 19),
(13, 2),
(13, 8),
(13, 15),
(14, 11),
(15, 1),
(15, 17),
(16, 8),
(16, 10),
(16, 16),
(17, 5),
(17, 15),
(18, 1),
(18, 6),
(18, 7),
(18, 11),
(19, 3),
(19, 14),
(20, 5),
(21, 19),
(22, 4),
(23, 2),
(25, 8),
(26, 1),
(26, 18),
(27, 4),
(27, 10),
(27, 13),
(28, 13),
(29, 6),
(29, 16),
(30, 5),
(30, 7),
(30, 8),
(31, 18),
(32, 2),
(33, 10),
(34, 7),
(35, 11),
(35, 13),
(36, 2),
(37, 8),
(38, 4),
(39, 12),
(39, 13),
(39, 14),
(40, 5),
(40, 7),
(42, 12),
(42, 15),
(43, 12),
(44, 1),
(44, 14),
(44, 18),
(44, 19),
(45, 12),
(45, 14),
(46, 3),
(48, 14),
(48, 17),
(50, 4),
(50, 6),
(50, 10),
(51, 6),
(51, 11),
(53, 12),
(54, 17),
(54, 19),
(55, 2),
(56, 9),
(56, 13),
(57, 18),
(58, 3),
(58, 9),
(59, 9),
(59, 16)
GO
INSERT INTO training_events (id, starttime) VALUES 
(1, cast(N'2023-06-11 08:54:07' AS DATETIME)),
(2, cast(N'2023-06-14 11:35:00' AS DATETIME)),
(3, cast(N'2023-06-03 13:17:38' AS DATETIME)),
(4, cast(N'2023-06-08 13:13:03' AS DATETIME)),
(5, cast(N'2023-06-14 06:02:40' AS DATETIME)),
(6, cast(N'2023-06-09 12:52:29' AS DATETIME)),
(7, cast(N'2023-06-13 12:13:29' AS DATETIME)),
(8, cast(N'2023-06-05 01:27:42' AS DATETIME)),
(9, cast(N'2023-06-02 17:41:40' AS DATETIME)),
(10, cast(N'2023-06-08 10:16:08' AS DATETIME)),
(11, cast(N'2023-06-14 21:02:21' AS DATETIME)),
(12, cast(N'2023-06-01 22:43:38' AS DATETIME)),
(13, cast(N'2023-06-14 07:42:14' AS DATETIME)),
(14, cast(N'2023-06-05 07:56:07' AS DATETIME)),
(15, cast(N'2023-06-07 14:43:53' AS DATETIME)),
(16, cast(N'2023-06-06 17:55:06' AS DATETIME)),
(17, cast(N'2023-06-05 18:46:13' AS DATETIME)),
(18, cast(N'2023-06-10 16:12:41' AS DATETIME)),
(19, cast(N'2023-06-04 09:33:35' AS DATETIME)),
(20, cast(N'2023-06-06 23:44:30' AS DATETIME)),
(21, cast(N'2023-06-01 06:31:40' AS DATETIME)),
(22, cast(N'2023-06-03 22:18:22' AS DATETIME)),
(23, cast(N'2023-06-06 04:38:58' AS DATETIME)),
(24, cast(N'2023-06-04 21:02:48' AS DATETIME)),
(25, cast(N'2023-06-03 11:58:42' AS DATETIME)),
(26, cast(N'2023-06-02 20:52:07' AS DATETIME)),
(27, cast(N'2023-06-12 15:45:07' AS DATETIME)),
(28, cast(N'2023-06-14 20:31:10' AS DATETIME)),
(29, cast(N'2023-06-01 19:20:46' AS DATETIME)),
(30, cast(N'2023-06-14 12:25:59' AS DATETIME)),
(31, cast(N'2023-06-14 08:29:18' AS DATETIME)),
(32, cast(N'2023-06-06 08:51:20' AS DATETIME)),
(33, cast(N'2023-06-13 05:15:08' AS DATETIME)),
(34, cast(N'2023-06-14 07:00:19' AS DATETIME)),
(35, cast(N'2023-06-15 18:48:48' AS DATETIME)),
(36, cast(N'2023-06-11 10:48:22' AS DATETIME)),
(37, cast(N'2023-06-12 08:29:29' AS DATETIME)),
(38, cast(N'2023-06-14 18:26:50' AS DATETIME)),
(39, cast(N'2023-06-06 01:11:23' AS DATETIME)),
(40, cast(N'2023-06-10 12:43:26' AS DATETIME)),
(41, cast(N'2023-06-13 07:52:21' AS DATETIME)),
(42, cast(N'2023-06-09 21:00:23' AS DATETIME)),
(43, cast(N'2023-06-01 05:40:00' AS DATETIME)),
(44, cast(N'2023-06-07 03:32:34' AS DATETIME)),
(45, cast(N'2023-06-10 14:33:14' AS DATETIME)),
(46, cast(N'2023-06-07 17:25:44' AS DATETIME)),
(47, cast(N'2023-06-10 00:52:50' AS DATETIME)),
(48, cast(N'2023-06-12 02:28:03' AS DATETIME)),
(49, cast(N'2023-06-05 07:10:16' AS DATETIME)),
(50, cast(N'2023-06-14 17:34:38' AS DATETIME)),
(51, cast(N'2023-06-04 18:52:20' AS DATETIME)),
(52, cast(N'2023-06-07 21:02:28' AS DATETIME)),
(53, cast(N'2023-06-04 22:06:57' AS DATETIME)),
(54, cast(N'2023-06-07 10:05:07' AS DATETIME)),
(55, cast(N'2023-06-01 12:57:30' AS DATETIME)),
(56, cast(N'2023-06-03 06:11:35' AS DATETIME)),
(57, cast(N'2023-06-04 02:00:39' AS DATETIME)),
(58, cast(N'2023-06-04 19:30:27' AS DATETIME)),
(59, cast(N'2023-06-02 14:02:02' AS DATETIME)),
(60, cast(N'2023-06-12 00:23:44' AS DATETIME)),
(61, cast(N'2023-06-08 10:13:35' AS DATETIME)),
(62, cast(N'2023-06-06 09:44:04' AS DATETIME)),
(63, cast(N'2023-06-12 08:35:54' AS DATETIME)),
(64, cast(N'2023-06-13 16:08:57' AS DATETIME)),
(65, cast(N'2023-06-10 02:27:57' AS DATETIME)),
(66, cast(N'2023-06-03 17:43:17' AS DATETIME)),
(67, cast(N'2023-06-10 04:37:53' AS DATETIME)),
(68, cast(N'2023-06-07 18:59:09' AS DATETIME)),
(69, cast(N'2023-06-02 08:10:53' AS DATETIME)),
(70, cast(N'2023-06-07 12:23:53' AS DATETIME)),
(71, cast(N'2023-06-13 09:42:41' AS DATETIME)),
(72, cast(N'2023-06-04 11:06:28' AS DATETIME)),
(73, cast(N'2023-06-14 00:56:29' AS DATETIME)),
(74, cast(N'2023-06-14 10:52:02' AS DATETIME)),
(75, cast(N'2023-06-15 02:19:29' AS DATETIME)),
(76, cast(N'2023-06-10 06:58:17' AS DATETIME)),
(77, cast(N'2023-06-06 12:12:17' AS DATETIME)),
(78, cast(N'2023-06-07 14:13:56' AS DATETIME)),
(79, cast(N'2023-06-13 19:15:01' AS DATETIME)),
(80, cast(N'2023-06-14 02:12:59' AS DATETIME)),
(81, cast(N'2023-06-04 18:15:58' AS DATETIME)),
(82, cast(N'2023-06-04 07:14:07' AS DATETIME)),
(83, cast(N'2023-06-05 13:13:58' AS DATETIME)),
(84, cast(N'2023-06-14 01:17:10' AS DATETIME)),
(85, cast(N'2023-06-05 07:52:40' AS DATETIME)),
(86, cast(N'2023-06-13 12:39:44' AS DATETIME)),
(87, cast(N'2023-06-04 13:58:49' AS DATETIME)),
(88, cast(N'2023-06-09 09:47:09' AS DATETIME)),
(89, cast(N'2023-06-12 16:33:02' AS DATETIME)),
(90, cast(N'2023-06-10 03:57:11' AS DATETIME)),
(91, cast(N'2023-06-10 04:32:33' AS DATETIME)),
(92, cast(N'2023-06-14 15:27:51' AS DATETIME)),
(93, cast(N'2023-06-08 15:25:50' AS DATETIME)),
(94, cast(N'2023-06-08 22:39:38' AS DATETIME)),
(95, cast(N'2023-06-14 15:33:04' AS DATETIME)),
(96, cast(N'2023-06-05 11:12:43' AS DATETIME)),
(97, cast(N'2023-06-05 07:09:37' AS DATETIME)),
(98, cast(N'2023-06-13 18:11:38' AS DATETIME)),
(99, cast(N'2023-06-08 11:12:26' AS DATETIME)),
(100, cast(N'2023-06-13 19:26:06' AS DATETIME))
GO
INSERT INTO training_event_results (id, result, boat_fk, training_events_fk) VALUES 
(1, 54.38, 16, 3),
(2, 54.058, 13, 29),
(3, 50.278, 7, 46),
(4, 55.445, 11, 82),
(5, 46.041, 12, 40),
(6, 48.612, 13, 43),
(7, 41.147, 15, 3),
(8, 48.41, 6, 36),
(9, 44.888, 3, 87),
(10, 45.443, 17, 98),
(11, 45.991, 15, 95),
(12, 43.701, 3, 36),
(13, 45.447, 11, 20),
(14, 42.004, 16, 51),
(15, 42.341, 8, 96),
(16, 40.907, 6, 17),
(17, 41.295, 16, 57),
(18, 41.282, 8, 69),
(19, 52.037, 5, 46),
(20, 40.551, 16, 18),
(21, 57.904, 17, 62),
(22, 44.39, 3, 5),
(23, 58.098, 10, 15),
(24, 40.713, 17, 71),
(25, 58.84, 10, 72),
(26, 54.319, 3, 36),
(27, 47.62, 7, 60),
(28, 44.538, 15, 70),
(29, 47.68, 11, 15),
(30, 45.733, 8, 35),
(31, 59.418, 19, 50),
(32, 59.646, 6, 59),
(33, 52.21, 5, 89),
(34, 46.215, 13, 43),
(35, 46.548, 2, 84),
(36, 46.894, 5, 88),
(37, 46.785, 17, 43),
(38, 53.618, 12, 38),
(39, 41.75, 16, 95),
(40, 52.376, 11, 9),
(41, 42.381, 17, 9),
(42, 56.55, 8, 62),
(43, 40.497, 10, 34),
(44, 41.474, 2, 15),
(45, 55.06, 5, 62),
(46, 47.725, 11, 80),
(47, 50.196, 17, 60),
(48, 43.073, 14, 9),
(49, 40.821, 10, 32),
(50, 44.804, 12, 47),
(51, 46.775, 9, 21),
(52, 48.084, 14, 58),
(53, 41.978, 13, 27),
(54, 58.744, 18, 87),
(55, 59.356, 19, 43),
(56, 55.461, 13, 58),
(57, 51.811, 8, 83),
(58, 43.549, 12, 58),
(59, 57.584, 2, 58),
(60, 58.802, 17, 29),
(61, 46.394, 7, 52),
(62, 57.812, 12, 92),
(63, 52.927, 9, 77),
(64, 45.598, 19, 41),
(65, 43.572, 2, 63),
(66, 45.135, 12, 55),
(67, 55.366, 7, 18),
(68, 54.554, 9, 6),
(69, 45.608, 5, 80),
(70, 46.315, 12, 20),
(71, 55.364, 8, 80),
(72, 50.733, 10, 19),
(73, 42.926, 8, 7),
(74, 50.09, 1, 22),
(75, 55.316, 13, 36),
(76, 48.023, 17, 36),
(77, 56.637, 14, 33),
(78, 58.4, 18, 61),
(79, 40.894, 11, 34),
(80, 44.416, 6, 78),
(81, 59.162, 5, 67),
(82, 54.762, 3, 68),
(83, 53.919, 16, 2),
(84, 54.283, 3, 25),
(85, 55.379, 4, 94),
(86, 48.435, 5, 81),
(87, 56.584, 15, 61),
(88, 58.143, 16, 88),
(89, 57.896, 6, 80),
(90, 48.294, 16, 20),
(91, 42.718, 19, 42),
(92, 40.481, 8, 26),
(93, 41.966, 10, 93),
(94, 50.123, 10, 19),
(95, 41.532, 8, 53),
(96, 46.996, 14, 18),
(97, 41.205, 17, 85),
(98, 56.849, 15, 77),
(99, 47.524, 15, 5),
(100, 42.82, 19, 37),
(101, 54.023, 4, 84),
(102, 47.487, 15, 88),
(103, 56.23, 9, 94),
(104, 47.986, 4, 59),
(105, 57.438, 15, 49),
(106, 45.267, 5, 7),
(107, 55.473, 10, 8),
(108, 58.693, 6, 47),
(109, 59.638, 11, 19),
(110, 43.848, 14, 15),
(111, 47.851, 9, 93),
(112, 40.884, 5, 2),
(113, 52.217, 15, 25),
(114, 45.12, 16, 75),
(115, 46.246, 1, 84),
(116, 44.731, 9, 76),
(117, 47.676, 5, 72),
(118, 47.827, 14, 82),
(119, 44.464, 2, 20),
(120, 53.368, 19, 40),
(121, 47.614, 2, 17),
(122, 43.074, 15, 22),
(123, 54.707, 1, 61),
(124, 46.451, 5, 49),
(125, 41.575, 1, 49),
(126, 44.631, 8, 14),
(127, 56.783, 2, 74),
(128, 59.987, 8, 12),
(129, 48.215, 14, 87),
(130, 46.32, 12, 13),
(131, 42.918, 12, 5),
(132, 57.73, 9, 28),
(133, 44.347, 16, 88),
(134, 54.817, 18, 20),
(135, 53.755, 16, 45),
(136, 53.442, 17, 52),
(137, 51.711, 5, 58),
(138, 48.422, 10, 74),
(139, 44.599, 7, 45),
(140, 46.923, 1, 34),
(141, 40.781, 13, 90),
(142, 55.728, 6, 60),
(143, 40.327, 9, 76),
(144, 46.066, 11, 56),
(145, 45.669, 17, 39),
(146, 50.725, 15, 70),
(147, 56.029, 19, 62),
(148, 41.651, 13, 62),
(149, 45.181, 10, 24),
(150, 50.773, 15, 7),
(151, 48.165, 9, 55),
(152, 43.021, 6, 9),
(153, 50.366, 6, 67),
(154, 55.893, 15, 38),
(155, 56.985, 19, 10),
(156, 51.323, 6, 72),
(157, 44.93, 18, 89),
(158, 49.171, 15, 18),
(159, 45.545, 2, 21),
(160, 55.985, 7, 4),
(161, 43.766, 12, 40),
(162, 41.291, 3, 40),
(164, 55.091, 4, 50),
(165, 55.542, 13, 68),
(166, 54.183, 5, 24),
(167, 44.864, 7, 40),
(168, 48.197, 8, 30),
(169, 40.435, 11, 27),
(170, 53.782, 19, 84),
(171, 55.766, 11, 70),
(172, 56.708, 18, 37),
(173, 51.099, 16, 29),
(174, 40.293, 8, 45),
(175, 45.434, 3, 92),
(176, 46.112, 17, 18),
(177, 40.964, 7, 59),
(178, 53.397, 9, 95),
(179, 52.775, 16, 91),
(180, 48.562, 8, 15),
(181, 57.747, 10, 61),
(182, 51.709, 8, 6),
(183, 42.412, 4, 34),
(184, 46.928, 14, 70),
(185, 54.22, 18, 14),
(186, 41.293, 15, 86),
(187, 52.04, 1, 50),
(188, 53.545, 16, 95),
(189, 40.475, 17, 2),
(190, 46.388, 4, 53),
(191, 47.607, 15, 47),
(192, 57.378, 13, 89),
(193, 52.689, 9, 80),
(194, 57.745, 3, 5),
(195, 55.764, 8, 70),
(196, 40.697, 6, 13),
(197, 43.685, 15, 97),
(198, 52.257, 5, 61),
(199, 59.116, 16, 16),
(200, 48.671, 3, 82),
(201, 50.628, 18, 7),
(202, 55.628, 19, 11),
(203, 57.917, 19, 42),
(204, 47.66, 7, 29),
(205, 48.14, 13, 91),
(206, 50.637, 2, 66),
(207, 48.315, 9, 45),
(208, 59.486, 16, 89),
(209, 40.066, 15, 97),
(210, 41.041, 14, 55),
(211, 41.7, 8, 69),
(212, 51.592, 11, 31),
(213, 52.942, 19, 98),
(214, 53.457, 1, 53),
(215, 53.89, 12, 1),
(216, 51.212, 16, 14),
(217, 56.846, 17, 86),
(218, 56.157, 8, 73),
(221, 50.094, 7, 32),
(222, 47.111, 11, 43),
(223, 56.252, 1, 99),
(225, 55.835, 18, 30),
(226, 54.309, 12, 57),
(228, 54.733, 12, 79),
(230, 56.844, 6, 28),
(231, 40.568, 2, 91),
(232, 52.054, 13, 9),
(233, 42.415, 3, 66),
(234, 56.949, 15, 26),
(237, 42.233, 18, 7),
(238, 54.141, 2, 81),
(240, 50.555, 6, 31),
(241, 58.529, 18, 52),
(242, 52.669, 18, 76),
(243, 50.842, 9, 73),
(245, 48.13, 17, 85),
(246, 44.139, 19, 67),
(247, 57.124, 4, 38),
(248, 59.792, 13, 89),
(249, 49.385, 2, 56),
(250, 55.729, 6, 17),
(251, 45.216, 19, 30),
(252, 50.401, 6, 52),
(253, 52.731, 4, 94),
(254, 58.148, 19, 4),
(255, 47.802, 9, 27),
(256, 47.6, 10, 91),
(257, 59.37, 15, 98),
(258, 42.244, 9, 34),
(259, 53.675, 9, 66),
(260, 40.184, 12, 12),
(261, 57.495, 1, 21),
(263, 49.029, 1, 75),
(264, 47.312, 6, 55),
(265, 57.207, 3, 54),
(267, 46.138, 1, 76),
(268, 50.798, 4, 69),
(269, 47.994, 13, 73),
(270, 53.136, 5, 3),
(271, 44.183, 7, 55),
(272, 59.48, 8, 52),
(275, 56.519, 7, 44),
(276, 45.981, 11, 65),
(278, 58.103, 10, 57),
(279, 49.285, 2, 69),
(280, 42.81, 4, 69),
(281, 43.145, 17, 66),
(282, 41.226, 14, 95),
(283, 47.503, 17, 91),
(284, 42.188, 3, 66),
(285, 51.403, 5, 78),
(287, 57.992, 14, 93),
(289, 59.859, 19, 23),
(290, 49.423, 12, 77),
(291, 57.842, 10, 63),
(293, 43.879, 5, 73),
(294, 43.335, 7, 64),
(295, 55.239, 5, 26),
(296, 56.628, 19, 65),
(297, 45.119, 11, 56),
(298, 41.884, 14, 17),
(299, 54.156, 17, 8),
(301, 44.425, 15, 63),
(302, 48.092, 6, 35),
(303, 52.303, 12, 17),
(304, 42.13, 8, 98),
(306, 57.856, 14, 8),
(307, 43.644, 13, 28),
(308, 45.481, 8, 71),
(309, 54.051, 3, 54),
(310, 54.551, 17, 30),
(311, 47.954, 8, 99),
(312, 43.064, 4, 63),
(315, 52.569, 8, 92),
(316, 57.108, 17, 67),
(317, 42.133, 13, 85),
(318, 56.05, 6, 26),
(319, 46.661, 4, 1),
(320, 52.626, 12, 44),
(321, 47.331, 7, 84),
(324, 54.37, 4, 41),
(325, 56.824, 10, 24),
(326, 44.545, 2, 92),
(327, 52.184, 17, 59),
(328, 41.031, 14, 48),
(329, 51.618, 3, 81),
(330, 53.784, 15, 83),
(331, 54.837, 12, 25),
(334, 47.136, 3, 97),
(336, 49.319, 10, 39),
(337, 57.489, 16, 27),
(339, 49.205, 2, 48),
(340, 48.614, 9, 90),
(341, 41.256, 4, 38),
(342, 58.295, 10, 16),
(343, 51.778, 13, 92),
(344, 44.384, 13, 54),
(345, 57.815, 18, 98),
(346, 53.279, 19, 90),
(347, 54.446, 13, 50),
(348, 47.178, 5, 87),
(351, 51.646, 3, 79),
(353, 43.545, 5, 77),
(354, 50.094, 4, 81),
(356, 54.907, 1, 16),
(357, 41.966, 6, 16),
(358, 51.279, 10, 23),
(359, 48.691, 8, 1),
(361, 42.193, 2, 82),
(362, 58.626, 9, 29),
(363, 53.391, 14, 26),
(364, 56.864, 15, 4),
(366, 41.157, 11, 35),
(368, 52.484, 5, 41),
(369, 58.949, 3, 4),
(371, 40.08, 6, 57),
(374, 48.733, 5, 75),
(375, 47.129, 18, 49),
(377, 50.92, 11, 47),
(379, 57.476, 11, 57),
(380, 43.756, 8, 77),
(381, 56.673, 6, 59),
(384, 41.875, 4, 6),
(386, 52.822, 1, 3),
(387, 49.248, 6, 86),
(388, 51.283, 1, 44),
(390, 59.049, 9, 96),
(391, 53.189, 8, 85),
(393, 49.412, 5, 81),
(395, 43.111, 14, 24),
(397, 50.871, 4, 97),
(398, 46.595, 8, 73),
(399, 52.114, 1, 12),
(402, 45.738, 18, 4),
(403, 49.777, 1, 47),
(405, 43.162, 16, 60),
(407, 40.76, 3, 38),
(408, 44.283, 4, 6),
(410, 52.126, 5, 99),
(412, 50.505, 17, 79),
(413, 51.41, 11, 13),
(414, 57.369, 3, 32),
(416, 53.175, 4, 32),
(417, 44.86, 5, 44),
(419, 43.321, 15, 46),
(420, 48.328, 3, 48),
(421, 50.29, 12, 23),
(422, 42.644, 1, 44),
(423, 56.746, 10, 54),
(424, 50.859, 17, 97),
(425, 55.896, 4, 79),
(426, 45.179, 15, 37),
(427, 52.423, 11, 42),
(431, 51.415, 9, 82),
(432, 40.998, 7, 21),
(433, 47.847, 5, 23),
(435, 46.322, 14, 8),
(436, 57.799, 3, 64),
(437, 59.727, 17, 53),
(438, 50.432, 16, 35),
(439, 41.713, 17, 33),
(440, 51.884, 1, 60),
(441, 54.333, 2, 3),
(442, 56.378, 5, 56),
(443, 40.667, 18, 72),
(444, 49.873, 8, 14),
(446, 49.452, 13, 28),
(447, 58.062, 18, 65),
(448, 40.899, 10, 85),
(449, 42.237, 2, 48),
(451, 57.487, 1, 88),
(452, 45.941, 16, 53),
(456, 53.687, 14, 51),
(460, 49.362, 3, 51),
(461, 56.58, 11, 19),
(462, 51.368, 4, 42),
(464, 41.408, 18, 54),
(465, 48.263, 10, 71),
(468, 42.307, 4, 11),
(470, 49.621, 14, 14),
(471, 42.202, 3, 24),
(476, 54.254, 5, 23),
(477, 49.008, 7, 74),
(481, 51.314, 7, 87),
(483, 58.119, 18, 13),
(484, 57.712, 12, 93),
(486, 51.66, 2, 79),
(488, 49.968, 2, 41),
(489, 57.238, 19, 86),
(490, 55.215, 10, 48),
(493, 43.59, 8, 46),
(494, 54.722, 19, 37),
(496, 51.094, 4, 33),
(499, 48.362, 12, 22),
(508, 51.269, 4, 99),
(511, 53.499, 17, 22),
(513, 56.657, 5, 25),
(515, 40.7, 16, 37),
(518, 46.111, 9, 12),
(522, 41.244, 16, 28),
(524, 59.904, 5, 2),
(525, 53.998, 13, 65),
(531, 42.37, 7, 76),
(532, 58.385, 19, 50),
(536, 48.669, 19, 78),
(538, 51.035, 1, 5),
(539, 59.834, 16, 42),
(540, 52.528, 19, 56),
(543, 54.136, 10, 46),
(547, 50.449, 8, 21),
(551, 46.116, 15, 1),
(552, 49.737, 15, 90),
(554, 43.4, 19, 27),
(555, 43.095, 5, 8),
(556, 56.671, 16, 78),
(561, 41.149, 11, 64),
(566, 57.12, 17, 25),
(567, 45.571, 16, 45),
(568, 48.017, 11, 10),
(572, 55.362, 15, 11),
(574, 58.776, 17, 83),
(578, 40.367, 13, 83),
(579, 54.669, 19, 65),
(580, 53.222, 14, 33),
(585, 52.436, 14, 71),
(591, 48.377, 1, 31),
(592, 56.698, 8, 49),
(594, 47.191, 7, 10),
(596, 42.202, 6, 19),
(598, 43.235, 5, 96),
(599, 55.454, 3, 93),
(602, 55.118, 19, 99),
(604, 52.875, 6, 64),
(606, 41.289, 5, 30),
(607, 59.72, 5, 32),
(611, 50.037, 9, 13),
(612, 48.512, 12, 74),
(614, 54.803, 7, 72),
(623, 48.833, 10, 90),
(627, 51.686, 3, 68),
(633, 47.373, 3, 74),
(634, 48.227, 7, 2),
(639, 48.161, 11, 63),
(642, 55.054, 9, 86),
(646, 41.236, 9, 1),
(649, 40.181, 7, 16),
(652, 41.35, 14, 75),
(656, 45.231, 16, 68),
(661, 54.234, 14, 67),
(664, 56.56, 16, 31),
(669, 48.692, 5, 96),
(674, 44.175, 17, 22),
(676, 45.986, 10, 41),
(693, 46.722, 19, 33),
(696, 46.701, 15, 12),
(706, 59.807, 7, 94),
(712, 40.14, 5, 35),
(714, 48.446, 10, 71),
(719, 59.768, 6, 11),
(729, 56.142, 12, 51),
(730, 45.058, 10, 96),
(738, 41.284, 14, 39),
(746, 54.972, 14, 31),
(753, 51.763, 3, 11),
(756, 56.493, 16, 94),
(761, 49.102, 6, 51),
(787, 56.567, 5, 78),
(796, 44.178, 6, 75),
(816, 58.3, 19, 10),
(860, 41.887, 9, 10),
(906, 52.458, 3, 6),
(930, 59.022, 2, 39),
(946, 50.278, 19, 39),
(963, 57.244, 18, 83),
(978, 57.942, 18, 64)
GO